Label,# Samples,Average,Min,Max,Std. Dev.,Error %,Throughput,Received KB/sec,Sent KB/sec,Avg. Bytes
GET Homepage,16401,13949,4,32166,7895.97,0.000%,48.78535,209.91,6.86,4406.0
GET ChatBot,14224,11349,1,26912,6999.98,0.000%,42.37192,137.83,6.25,3331.0
GET Mappa,12996,7932,0,26888,6013.36,0.000%,38.72894,134.72,5.64,3562.0
TOTAL,43621,11308,0,32166,7497.36,0.000%,129.75219,482.01,18.72,3804.0
